NUM,NOMBRE
1,OO3C01OO526O7EEONC5O
2,IE5947P9ION895E9C196
3,9E6947NNPIN8I28N4109
4,2EP947N87IN879N89C19
5,73294771NON8ON8O41CI
6,7P29471I2IN801PO7C71
7,345947O27IN8881E71E5
8,8P0947O4NON845N7ICO1
9,5P994748CON8579II114
10,31P947668IN8I6ECC15O
11,495947629IN8O1I3E11O
12,N35947660ON893CP211I
13,PN794704PON8IO5N3C07
14,3NP947C7IIN87I999129
15,NPN9474NCON8579II114
16,IPC947O71ON895E9C196
17,CEE947N1ION82EI4E19P
18,367947N9NON86P74EC8P
19,N3P947C9IIN87I999129
20,3E39473N4IN8P5C421E8
21,343947ONOON8C2CO21NI
22,34394701NON8275C3C82
23,E3P947O36ON8PO64OCEI
24,IN594757CIN81417719O
25,NE5947616ON8CPPONCE9
26,EO5947N34ON8E6814108
27,7O694753OON84I27CCO0
28,EO6947P31ON80O844138
29,OON947I3EON828840191
30,OON947I3EON828840191
31,8OO947C36ON88O79ECI5
32,8OO947N30ON8NE90916I
33,OO59471E5ON8PI728C7N
34,OO59475E8ON843E2C185
35,6O79478I9ON85O96I1OC
36,POC947I2EON828840191
37,5O2947N5IIN82EI4E19P 
38,7O294707OIN85I45P151
39,8OO947I4OIN8C029CC81
40,9O49470P8IN843E2C185
41,6OO9473PIIN8ON8O41CI
